,roc,prc,cost,delay(p>=0.1),delay(p>=0.2),delay(p>=0.3),delay(p>=0.5),delay(p>=0.7)
0,0.7470279684387494,0.5771787406591947,26.864999771118164,0.1411311775445938,0.2782002091407776,0.5098963975906372,0.5914573073387146,0.4783533215522766
1,0.7470279684387494,0.5771787406591947,26.864999771118164,0.1411311775445938,0.2782002091407776,0.5098963975906372,0.5914573073387146,0.4783533215522766
2,0.7470279684387494,0.5771787406591947,26.864999771118164,0.1411311775445938,0.2782002091407776,0.5098963975906372,0.5914573073387146,0.4783533215522766
