,roc,prc,cost,delay(p>=0.1),delay(p>=0.3),delay(p>=0.5),delay(p>=0.7)
0,0.6803536284743212,0.6551584709711982,31.000001907348633,0.7243402004241943,0.5021259784698486,0.34947463870048523,0.285272479057312
1,0.6803536284743212,0.6551584709711982,31.000001907348633,0.7243402004241943,0.5021259784698486,0.34947463870048523,0.285272479057312
2,0.6803536284743212,0.6551584709711982,31.000001907348633,0.7243402004241943,0.5021259784698486,0.34947463870048523,0.285272479057312
3,0.6803536284743212,0.6551584709711982,31.000001907348633,0.7243402004241943,0.5021259784698486,0.34947463870048523,0.285272479057312
4,0.6803536284743212,0.6551584709711982,31.000001907348633,0.7243402004241943,0.5021259784698486,0.34947463870048523,0.285272479057312
